lemma	slp1	class	fem_slp1	freq	gloss
sarva	sarva	a_pron	sarvA	22865	whole
anya	anya	a_pron_at	anyA	10272	other
eka	eka	a_pron	ekA	9442	one
mahat	mahat	mahat		6646	great
uttama	uttama	a_adj	uttamA	4456	uppermost
priya	priya	a_adj	priyA	3445	beloved
sva	sva	a_pron_opt	svA	3368	own
bhavat	Bavat	mat_adj	BavatI	3280	your honour
bhagavat	Bagavat	mat_adj	BagavatI	3238	possessing fortune
bahu	bahu	u_adj	bahvI	3228	much
viśva	viSva	a_pron	viSvA	3193	all
uttara	uttara	a_pron_opt	uttarA	3090	upper
maya	maya	a_adj	mayA	3004	consisting or made of
śreṣṭha	SrezWa	a_adj	SrezWA	2856	most splendid or beautiful
divya	divya	a_adj	divyA	2667	divine
parama	parama	a_adj	paramA	2524	remotest
dakṣiṇa	dakziRa	a_pron_opt	dakziRA	2433	able
śubha	SuBa	a_adj	SuBA	2185	splendid
prathama	praTama	a_adj	praTamA	2118	first
ādya	Adya	a_adj	AdyA	2085	immediately preceding
ghna	Gna	a_adj	GnA	1972	striking with
ghora	Gora	a_adj	GorA	1937	venerable
jña	jYa	a_adj	jYA	1884	knowing
dvitīya	dvitIya	a_adj	dvitIyA	1715	forming the 2nd part or half of anything
sahita	sahita	a_adj	sahitA	1709	accompanied by
uṣṇa	uzRa	a_adj	uzRA	1611	hot
hita	hita	a_adj	hitA	1598	put
puṇya	puRya	a_adj	puRyA	1588	auspicious
sattama	sattama	a_adj	sattamA	1550	very good or right
sādhu	sADu	u_adj	('u_adj', 'sADu')	1545	straight
tṛtīya	tftIya	a_adj	tftIyA	1486	3rd
ityādi	ityAdi	i_adj	ityAdi	1461	having such  at the beginning
madhura	maDura	a_adj	maDurA	1418	sweet
hara	hara	a_adj	harA	1414	bearing
upama	upama	a_adj	upamA	1393	equal
śuci	Suci	i_adj	Suci	1357	shining
vividha	viviDa	a_adj	viviDA	1351	of various sorts
tulya	tulya	a_adj	tulyA	1331	equal to
adhika	aDika	a_adj	aDikA	1219	additional
ātmaka	Atmaka	a_adj	AtmakA	1131	ātmaka
apaha	apaha	a_adj	apahA	1122	keeping back
yuta	yuta	a_adj	yutA	1107	attached
ārta	Arta	a_adj	ArtA	1105	fallen into
dhīmat	DImat	mat_adj	DImatI	1096	intelligent
ubhaya	uBaya	a_pron	uBayA	1089	both
samanvita	samanvita	a_adj	samanvitA	1073	connected or associated with
snigdha	snigDa	a_adj	snigDA	1038	sticky
pañcama	paYcama	a_adj	paYcamA	1025	fifth
śīta	SIta	a_adj	SItA	1004	cold
ugra	ugra	a_adj	ugrA	1003	powerful
yāvat	yAvat	mat_adj	yAvatI	997	as great
vibhu	viBu	u_adj	('u_adj', 'viBu')	997	bestowing richly
prada	prada	a_adj	pradA	996	giving
citra	citra	a_adj	citrA	986	in different ways
sadṛśa	sadfSa	a_adj	sadfSA	985	like
dhara	Dara	a_adj	DarA	957	bearing
ābha	ABa	a_adj	ABA	956	resembling
vādin	vAdin	in_adj	vAdinI	948	saying
mukhya	muKya	a_adj	muKyA	926	being at the head or at the beginning
nāśana	nASana	a_adj	nASanA	925	destroying
ādika	Adika	a_adj	AdikA	923	beginning with
laghu	laGu	u_adj	('u_adj', 'laGu')	917	light
āyuṣmat	Ayuzmat	mat_adj	AyuzmatI	912	possessed of vital power
mahābhāga	mahABAga	a_adj	mahABAgA	909	one to whom a great portion or lot has fallen
vṛddha	vfdDa	a_adj	vfdDA	903	grown
saṃyuta	saMyuta	a_adj	saMyutA	899	joined or bound together
samāna	samAna	a_adj	samAnA	887	same
dāruṇa	dAruRa	a_adj	dAruRA	877	hard
bhadra	Badra	a_adj	BadrA	869	blessed
ekaika	ekEka	a_adj	ekEkA	861	one by one
balavat	balavat	mat_adj	balavatI	857	possessing power
madhyama	maDyama	a_adj	maDyamA	834	middle
nitya	nitya	a_adj	nityA	831	innate
śakya	Sakya	a_adj	SakyA	829	able
jyeṣṭha	jyezWa	a_adj	jyezWA	818	most excellent
anyonya	anyonya	a_adj	anyonyA	809	one another
balin	balin	in_adj	balinI	807	powerful
āgneya	Agneya	a_adj	AgneyI	799	belonging or consecrated to Agnāyī
śrīmat	SrImat	mat_adj	SrImatI	795	beautiful
arthin	arTin	in_adj	arTinI	781	active
mānuṣa	mAnuza	a_adj	mAnuzA	776	belonging to mankind
saumya	sOmya	a_adj	sOmyA	770	relating to Soma
dhruva	Druva	a_adj	DruvA	759	fixed
kṛtsna	kftsna	a_adj	kftsnA	753	all
tīkṣṇa	tIkzRa	a_adj	tIkzRA	748	sharp
alpa	alpa	a_adj	alpA	747	small
prājña	prAjYa	a_adj	prAjYA	733	intellectual
kārin	kArin	in_adj	kArinI	726	doing
sūkṣma	sUkzma	a_adj	sUkzmA	714	minute
vīryavat	vIryavat	mat_adj	vIryavatI	714	heroic
saṃnibha	saMniBa	a_adj	saMniBA	708	like
tikta	tikta	a_adj	tiktA	702	bitter
aindra	Endra	a_adj	EndrI	698	belonging to or sacred to Indra
dīrgha	dIrGa	a_adj	dIrGA	696	long
paraspara	paraspara	a_adj	parasparA	695	mutual
tāvat	tAvat	mat_adj	tAvatI	694	so great
ramya	ramya	a_adj	ramyA	666	to be enjoyed
anuttama	anuttama	a_adj	anuttamA	664	unsurpassed
śveta	Sveta	a_adj	SvetA	660	white
pakva	pakva	a_adj	pakvA	651	cooked
īdṛśa	IdfSa	a_adj	IdfSA	650	endowed with such qualities
anagha	anaGa	a_adj	anaGA	631	sinless
rūkṣa	rUkza	a_adj	rUkzA	628	rough
saptama	saptama	a_adj	saptamA	626	7th
kevala	kevala	a_adj	kevalA	625	alone
śobhana	SoBana	a_adj	SoBanA	625	brilliant
sāhasra	sAhasra	a_adj	sAhasrI	625	relating or belonging to a thousand
durlabha	durlaBa	a_adj	durlaBA	624	difficult to be obtained or found
mahāsattva	mahAsattva	a_adj	mahAsattvA	624	steady
dviguṇa	dviguRa	a_adj	dviguRA	616	double
sanātana	sanAtana	a_adj	sanAtanA	608	perpetual
rūpin	rUpin	in_adj	rUpinI	607	embodied
etāvat	etAvat	mat_adj	etAvatI	607	so great
dṛḍha	dfQa	a_adj	dfQA	606	fixed
mṛdu	mfdu	u_adj	('u_adj', 'mfdu')	601	soft
samāhita	samAhita	a_adj	samAhitA	598	put or held together joined assembled
kuśala	kuSala	a_adj	kuSalA	595	proper
vipula	vipula	a_adj	vipulA	594	large
budha	buDa	a_adj	buDA	592	awaking
udbhava	udBava	a_adj	udBavA	590	produced or coming from
kaṣāya	kazAya	a_adj	kazAyA	578	astringent
vardhana	varDana	a_adj	varDanA	571	increasing
śāśvata	SASvata	a_adj	SASvatA	550	eternal
avyaya	avyaya	a_adj	avyayA	549	not liable to change
vaiṣṇava	vEzRava	a_adj	vEzRavA	539	worshipping Viṣṇu
akhila	aKila	a_adj	aKilA	538	without a gap
samyaksambuddha	samyaksambudDa	a_adj	samyaksambudDA	536	samyaksambuddha
dīpana	dIpana	a_adj	dIpanA	535	kindling
śītala	SItala	a_adj	SItalA	526	cold
āḍhya	AQya	a_adj	AQyA	520	opulent
duḥkhita	duHKita	a_adj	duHKitA	517	pained
rakta	rakta	a_adj	raktA	514	coloured
samasta	samasta	a_adj	samastA	511	thrown or put together
trividha	triviDa	a_adj	triviDA	506	of 3 kinds
vāsin	vAsin	in_adj	vAsinI	505	staying
sthira	sTira	a_adj	sTirA	502	firm
ārya	Arya	a_adj	AryA	497	behaving like an Āryan
yaśasvin	yaSasvin	in_adj	yaSasvinI	493	beautiful
uru	uru	u_adj	urvI	493	wide
adbhuta	adButa	a_adj	adButA	491	extraordinary
abhimukha	aBimuKa	a_adj	aBimuKA	484	with the face directed towards
paścima	paScima	a_adj	paScimA	481	western
savya	savya	a_adj	savyA	481	left
ariṃdama	ariMdama	a_adj	ariMdamA	478	foe-conquering
ākula	Akula	a_adj	AkulA	475	confounded
śūnya	SUnya	a_adj	SUnyA	471	empty
paraṃtapa	paraMtapa	a_adj	paraMtapA	469	destroying foes
anuttara	anuttara	a_adj	anuttarA	469	chief
tīvra	tIvra	a_adj	tIvrA	467	strong
vyakta	vyakta	a_adj	vyaktA	465	adorned
