lemma	slp1	class	freq	gloss
deva	deva	a_m	17565	deity
agni	agni	i_m	16673	fire
rājan	rAjan	an_m	15212	king
loka	loka	a_m	11272	free or open space
ātman	Atman	an_m_a	10853	breath
artha	arTa	a_m	10837	aim
indra	indra	a_m	10309	god of the atmosphere and sky
putra	putra	a_m	9895	son
ādi	Adi	i_m	9533	beginning
karman	karman	an_n_a	7939	act
rūpa	rUpa	a_n	7186	form
pitṛ	pitf	f_m	6876	father
yajña	yajYa	a_m	6767	worship
rasa	rasa	a_m	6656	sap or juice of plants
dharma	Darma	a_m	6467	that which is established or firm
manas	manas	as_n	6223	mind
kāla	kAla	a_m	6029	time
bala	bala	a_n	5592	power
ratha	raTa	a_m	5401	chariot
kāma	kAma	a_m	5292	wish
brāhmaṇa	brAhmaRa	a_m	5060	one who has divine knowledge
namas	namas	as_n	5002	bow
bhagavant	Bagavat	mat_m	4941	Jina or Arhat
vāc	vAc	cons_f:vAk	4747	speech
puruṣa	puruza	a_m	4632	man
paśu	paSu	u_m	4506	cattle
ṛṣi	fzi	i_m	4444	singer of sacred hymns
soma	soma	a_m	4367	juice
anta	anta	a_m	4366	end
prāṇa	prARa	a_m	4360	breath of life
phala	Pala	a_n	4298	fruit
mukha	muKa	a_n	4128	mouth
tapas	tapas	as_n	4091	warmth
brahman	brahman	an_m_a	4064	one who Prays
prajā	prajA	A_f	3922	procreation
devī	devI	I_f	3821	female deity
tejas	tejas	as_n	3750	sharp edge
sahasra	sahasra	a_n	3678	thousandth
śata	Sata	a_n	3602	hundred
pṛthivī	pfTivI	I_f	3552	earth or wide world
diś	diS	cons_f:dik	3490	quarter or region pointed at
guṇa	guRa	a_m	3440	single thread or strand of a cord or twine
vīra	vIra	a_m	3436	man
yoga	yoga	a_m	3411	act of yoking
pāṇḍava	pARqava	a_m	3371	son or descendant of Pāṇḍu
suta	suta	a_m	3331	son
anna	anna	a_n	3321	food or victuals
muni	muni	i_m	3254	impulse
madhya	maDya	a_n	3198	middle
nara	nara	a_m	3197	man
rāma	rAma	a_m	3153	horse
viṣṇu	vizRu	u_m	3097	= śuddha
bhūta	BUta	a_n	3068	that which is or exists
gṛha	gfha	a_n	3055	assistant
devatā	devatA	A_f	3011	godhead
jana	jana	a_m	2993	living being
vīrya	vIrya	a_n	2992	manliness
nāman	nAman	an_n	2937	characteristic mark or sign
vana	vana	a_n	2932	forest
pada	pada	a_n	2918	step
prajāpati	prajApati	i_m	2877	divinity presiding over procreation
vacana	vacana	a_n	2874	act of speaking
vāyu	vAyu	u_m	2849	wind
doṣa	doza	a_m	2832	fault
bāhu	bAhu	u_m	2790	arm
agra	agra	a_n	2734	foremost point or part
śiras	Siras	as_n	2682	head
mātṛ	mAtf	f_f	2679	mother
bhāga	BAga	a_m	2673	part
nṛpa	nfpa	a_m	2661	protector of men
yudhiṣṭhira	yuDizWira	a_m	2582	descendants of Yudhiṣṭhira
vrata	vrata	a_n	2580	will
rudra	rudra	a_m	2578	eleventh
vipra	vipra	a_m	2576	sage
vākya	vAkya	a_n	2571	speech
śara	Sara	a_m	2560	sort of reed or grass
sūrya	sUrya	a_m	2547	sun or its deity
mātra	mAtra	a_n	2519	element
śabda	Sabda	a_m	2465	noise
āditya	Aditya	a_m	2463	plant Calotropis Gigantea
aṅga	aNga	a_n	2455	limb of the body
aśva	aSva	a_m	2455	stallion
ṛṣabha	fzaBa	a_m	2455	bull
āyus	Ayus	us_n	2439	life
gaṇa	gaRa	a_m	2424	flock
vidhi	viDi	i_m	2424	rule
bhūmi	BUmi	i_f	2421	earth
mūla	mUla	a_n	2395	root
varṇa	varRa	a_m	2378	covering
karṇa	karRa	a_m	2364	ear
īśvara	ISvara	a_m	2352	husband
vacas	vacas	as_n	2350	speech
indriya	indriya	a_n	2346	power
bhāva	BAva	a_m	2332	becoming
pāda	pAda	a_m	2310	foot
guru	guru	u_m	2309	any venerable or respectable person
dvija	dvija	a_m	2290	man of any one of the first 3 classes
gati	gati	i_f	2283	going
pārtha	pArTa	a_m	2256	patr. of Tānva
bhaya	Baya	a_n	2254	fear
bhrātṛ	BrAtf	f_m	2254	brother
kṛṣṇa	kfzRa	a_m	2232	fourth or Kaliyuga
satya	satya	a_n	2226	truth
buddhi	budDi	i_f	2223	intelligence
mantra	mantra	a_m	2220	speech
bhārata	BArata	a_m	2162	actor
hasta	hasta	a_m	2156	hand
raṇa	raRa	a_m	2142	delight
yuddha	yudDa	a_n	2130	fight
chandas	Candas	as_n	2112	desire
hetu	hetu	u_m	2105	motive
hari	hari	i_m	2104	yellow or reddish brown or green
śarīra	SarIra	a_n	2090	body
darśana	darSana	a_n	2089	seeing
lakṣaṇa	lakzaRa	a_n	2086	mark
māsa	mAsa	a_m	2081	moon
deśa	deSa	a_m	2080	point
pātra	pAtra	a_n	2079	drinking-vessel
cakṣus	cakzus	us_n	2068	faculty of seeing
varṣa	varza	a_m	2032	rain
garbha	garBa	a_m	2031	womb
sthāna	sTAna	a_n	2026	act of standing
kāraṇa	kAraRa	a_n	1997	cause
ghṛta	Gfta	a_n	1992	ghee
varuṇa	varuRa	a_m	1982	ocean
saṃśaya	saMSaya	a_m	1970	lying down to rest or sleep
tīrtha	tIrTa	a_n	1962	passage
svarga	svarga	a_m	1940	heaven
saṃvatsara	saMvatsara	a_m	1931	full year
yoni	yoni	i_f	1930	womb
sattva	sattva	a_n	1916	being
rājya	rAjya	a_n	1895	royalty
asura	asura	a_m	1894	spirit
kārya	kArya	a_n	1866	work or business to be done
duḥkha	duHKa	a_n	1861	uneasiness
jala	jala	a_n	1858	water
havis	havis	is_n	1858	oblation or burnt offering
payas	payas	as_n	1846	any fluid or juice
vajra	vajra	a_m	1838	thunderbolt
jagant	jagat	mat_n	1826	that which is alive
aṃśa	aMSa	a_m	1816	share
rātri	rAtri	i_f	1801	night
dāna	dAna	a_n	1769	act of giving
mṛtyu	mftyu	u_m	1762	death
jñāna	jYAna	a_n	1759	knowing
hṛdaya	hfdaya	a_n	1758	heart
sāman	sAman	an_n	1748	metrical hymn or song of praise
arjuna	arjuna	a_m	1741	peacock
patnī	patnI	I_f	1715	female possessor
śakti	Sakti	i_f	1702	power
cūrṇa	cUrRa	a_n	1694	powder
dhana	Dana	a_n	1689	prize of a contest or the contest itself
rakṣas	rakzas	as_n	1680	harm
hotṛ	hotf	f_m_v	1680	sacrificer
sūta	sUta	a_m	1676	quicksilver
manuṣya	manuzya	a_m	1665	man
kanyā	kanyA	A_f	1658	girl
yaśas	yaSas	as_n	1632	beautiful appearance
savitṛ	savitf	f_m_v	1632	stimulator
rākṣasa	rAkzasa	a_m	1631	Rakṣas
bhāryā	BAryA	A_f	1626	wife
bīja	bIja	a_n	1622	seed
tāta	tAta	a_m	1612	father
dina	dina	a_n	1611	day
sukha	suKa	a_n	1574	ease
pāpa	pApa	a_n	1573	evil
kṣaṇa	kzaRa	a_m	1573	killing
jyotis	jyotis	is_n	1571	light
mitra	mitra	a_m	1570	friend
siddhi	sidDi	i_f	1560	accomplishment
ardha	arDa	a_n	1558	half
deha	deha	a_m	1556	form
gandha	ganDa	a_m	1548	smell
pāṇi	pARi	i_m	1535	hand
śūra	SUra	a_m	1535	strong or mighty or valiant man
akṣara	akzara	a_n	1534	syllable om
kula	kula	a_n	1533	herd
viś	viS	cons_f:viw	1532	settlement
antara	antara	a_n	1530	interior
astra	astra	a_n	1517	missile weapon
dakṣiṇā	dakziRA	A_f	1511	prolific cow
dravya	dravya	a_n	1508	substance
madhu	maDu	u_n	1502	anything sweet
vāsas	vAsas	as_n	1500	cloth
veda	veda	a_m	1496	knowledge
kṣaya	kzaya	a_m	1496	loss
droṇa	droRa	a_m	1491	raven or crow
viśeṣa	viSeza	a_m	1459	difference between
daṇḍa	daRqa	a_m	1459	stick
parvata	parvata	a_m	1449	mountain
bheda	Beda	a_m	1446	breaking
aha	aha	a_m	1443	aha
antarikṣa	antarikza	a_n	1437	atmosphere or sky
śeṣa	Seza	a_m	1436	remainder
vara	vara	a_m	1431	election
śakra	Sakra	a_m	1431	Wrightia Antidysenterica
adhvaryu	aDvaryu	u_m	1422	one who institutes an Adhvara
dhanus	Danus	us_n	1413	bow
graha	graha	a_m	1412	Rāhu or the dragon's head
bhartṛ	Bartf	f_m_v	1408	bearer
ājya	Ajya	a_n	1398	melted or clarified butter
ojas	ojas	as_n	1398	bodily strength
taila	tEla	a_n	1391	sesamum oil
vadha	vaDa	a_m	1391	murder
pitāmaha	pitAmaha	a_m	1386	paternal grandfather
bṛhaspati	bfhaspati	i_m	1383	planet Jupiter
citta	citta	a_n	1377	attending
udaka	udaka	a_n	1375	water
ṛtu	ftu	u_m	1366	any settled point of time
pattra	pattra	a_n	1366	wing of a bird
kṣīra	kzIra	a_n	1366	milk
nṛ	nf	f_m	1364	man
liṅga	liNga	a_n	1363	mark
tattva	tattva	a_n	1357	true or real state
samudra	samudra	a_m	1347	sea
prabhu	praBu	u_m	1346	master
bhīma	BIma	a_m	1341	Rumex Vesicarius
dvaya	dvaya	a_n	1340	twofold
tamas	tamas	as_n	1335	darkness
samara	samara	a_n	1335	coming together
tala	tala	a_m	1334	surface
mūrdhan	mUrDan	an_m_a	1332	forehead
aśvin	aSvin	in_m	1330	cavalier
mati	mati	i_f	1328	devotion
vega	vega	a_m	1323	violent agitation
bāṇa	bARa	a_m	1319	reed-shaft
vaiśampāyana	vESampAyana	a_m	1308	vaiśampāyana
vidyā	vidyA	A_f	1303	knowledge
viṣa	viza	a_n	1273	poison
traya	traya	a_n	1271	traya
yama	yama	a_m	1268	rein
kriyā	kriyA	A_f	1263	doing
roga	roga	a_m	1258	disease
māṃsa	mAMsa	a_n	1257	flesh
nadī	nadI	I_f	1251	flowing water
śiva	Siva	a_m	1251	happiness
bodhisattva	boDisattva	a_m	1246	bodhisattva
kṣatriya	kzatriya	a_m	1240	member of the military or reigning order
marut	marut	cons_m:marut	1236	storm-gods
pṛṣṭha	pfzWa	a_n	1235	back
pura	pura	a_n	1232	town
vaśa	vaSa	a_m	1228	will
prasāda	prasAda	a_m	1226	clearness
amṛta	amfta	a_n	1225	collective body of immortals
puṭa	puwa	a_m	1222	fold
śatru	Satru	u_m	1208	enemy
pārthiva	pArTiva	a_m	1206	inhabitant of the earth
sainya	sEnya	a_n	1202	body of troops
saṃjñā	saMjYA	A_f	1200	agreement
pakṣa	pakza	a_m	1195	wing
vāta	vAta	a_m	1192	wind or the wind-god
maṇḍala	maRqala	a_n	1181	disk
pramāṇa	pramARa	a_n	1173	measure
duryodhana	duryoDana	a_m	1172	duryodhana
āhuti	Ahuti	i_f	1166	offering oblations with fire to the deities
ratna	ratna	a_n	1161	gift
saṃjaya	saMjaya	a_m	1151	conquest
vṛtti	vftti	i_f	1151	rolling
vahni	vahni	i_m	1137	any animal that draws or bears along
vṛkṣa	vfkza	a_m	1134	tree
rajas	rajas	as_n	1127	sphere of vapour or mist
prakṛti	prakfti	i_f	1124	original or primary substance
bhīmasena	BImasena	a_m	1123	kind of camphor
bhakti	Bakti	i_f	1122	distribution
abhāva	aBAva	a_m	1121	non-existence
viṣaya	vizaya	a_m	1120	sphere
janman	janman	an_n_a	1115	birth
oṣadhi	ozaDi	i_f	1108	herb
mārga	mArga	a_m	1107	seeking
māyā	mAyA	A_f	1102	art
ātmaja	Atmaja	a_m	1099	son
cakra	cakra	a_n	1092	wheel
giri	giri	i_m	1086	mountain
cetas	cetas	as_n	1078	splendour
āśrama	ASrama	a_m	1063	hermitage
rāghava	rAGava	a_m	1052	descendant of Raghu
kumāra	kumAra	a_m	1051	child
lakṣmaṇa	lakzmaRa	a_m	1049	Ardea Sibirica
tanū	tanU	U_f	1047	person
sambhava	samBava	a_m	1039	being or coming together
sneha	sneha	a_m	1033	oiliness
vatsa	vatsa	a_m	1029	calf
gandharva	ganDarva	a_m	1028	Gandharva
vasu	vasu	u_m	1027	dwelling or dweller
kapāla	kapAla	a_m	1025	cup
jvara	jvara	a_m	1023	fever
gāyatrī	gAyatrI	I_f	1022	ancient metre of twentyfour syllables
āsana	Asana	a_n	1019	sitting
sarpis	sarpis	is_n	1016	clarified butter
adhyāya	aDyAya	a_m	1014	lesson
mūtra	mUtra	a_n	1014	fluid secreted by the kidneys
bhasman	Basman	an_n_a	1012	ashes
nāga	nAga	a_m	1004	snake
samaya	samaya	a_m	1003	coming together
rāvaṇa	rAvaRa	a_m	1002	rāvaṇa
puṣpa	puzpa	a_n	1001	flower
manu	manu	u_m	996	man
kāya	kAya	a_m	996	body
yogin	yogin	in_m	995	follower of the Yoga system
vikrama	vikrama	a_m	981	step
svasti	svasti	i_n	972	well-being
sarasvatī	sarasvatI	I_f	968	region abounding in pools and lakes
dhṛtarāṣṭra	DftarAzwra	a_m	967	whose empire is firm
kathā	kaTA	A_f	960	conversation
vyāghra	vyAGra	a_m	959	tiger
dānava	dAnava	a_m	958	dānava
yuga	yuga	a_n	957	yoke
dvāra	dvAra	a_n	955	door
nārada	nArada	a_m	954	nārada
ākāśa	AkASa	a_n	953	free or open space
retas	retas	as_n	948	flow
bhojana	Bojana	a_n	946	act of enjoying
jīvita	jIvita	a_n	944	living being
krodha	kroDa	a_m	942	anger
dhanaṃjaya	DanaMjaya	a_m	938	fire
īśa	ISa	a_m	937	master
sītā	sItA	A_f	936	furrow
vidhāna	viDAna	a_n	931	order
vastra	vastra	a_n	930	cloth
kṣatra	kzatra	a_n	930	dominion
kratu	kratu	u_m	928	plan
ācārya	AcArya	a_m	921	spiritual guide or teacher
āhavanīya	AhavanIya	a_m	920	āhavanīya
ākāra	AkAra	a_m	919	form
vāra	vAra	a_m	917	keeping back
varcas	varcas	as_n	916	vital power
duhitṛ	duhitf	f_f	914	daughter
śāstra	SAstra	a_n	913	order
stoma	stoma	a_m	913	praise
aditi	aditi	i_f	912	freedom
dhātu	DAtu	u_m	907	layer
krama	krama	a_m	907	step
vāsudeva	vAsudeva	a_m	904	patr. of Kṛṣṇa
yajus	yajus	us_n	896	religious reverence
loha	loha	a_n	894	red metal
gandhaka	ganDaka	a_m	891	sulphur
bhava	Bava	a_m	883	coming info existence
adhipa	aDipa	a_m	877	ruler
śūdra	SUdra	a_m	875	Śūdra
senā	senA	A_f	873	missile
prīti	prIti	i_f	865	any pleasurable sensation
śiṣya	Sizya	a_m	862	pupil
sahas	sahas	as_n	862	strength
samidh	samiD	cons_f:samit	860	firewood
maheśvara	maheSvara	a_m	859	great lord
pala	pala	a_n	858	particular weight
nimitta	nimitta	a_n	855	butt
bhikṣu	Bikzu	u_m	854	beggar
keśava	keSava	a_m	854	Rottleria tinctoria
mānava	mAnava	a_m	851	man
yatna	yatna	a_m	851	activity of will
sura	sura	a_m	847	god
vapus	vapus	us_n	847	form
nārī	nArI	I_f	847	woman
mahādeva	mahAdeva	a_m	846	mahādeva
upāya	upAya	a_m	845	coming near
barhis	barhis	is_n	844	sacrificial grass
toya	toya	a_n	840	water
kalpa	kalpa	a_m	839	law
yudh	yuD	cons_f:yut	838	war
haya	haya	a_m	835	horse
śānti	SAnti	i_f	833	tranquillity
locana	locana	a_m	831	eye
dhāman	DAman	an_n	827	dwelling-place
kuru	kuru	u_m	825	= ṛtvijas
udara	udara	a_n	823	belly
śaṃkara	SaMkara	a_m	822	Calotropis gigantea
pavitra	pavitra	a_n	815	means of purification
rāṣṭra	rAzwra	a_n	815	kingdom
parvan	parvan	an_n_a	815	knot
tathāgata	taTAgata	a_m	810	Gautama Buddha
caru	caru	u_m	808	kind of vessel
prajñāpāramitā	prajYApAramitA	A_f	803	perfection in wisdom
pāśa	pASa	a_m	802	snare
muhūrta	muhUrta	a_n	802	moment
hiraṇya	hiraRya	a_n	802	gold
anīka	anIka	a_n	801	face
pitta	pitta	a_n	800	bile
prayatna	prayatna	a_m	798	persevering effort
bali	bali	i_m	793	tribute
drava	drava	a_m	790	going
moha	moha	a_m	787	loss of consciousness
saṃgrāma	saMgrAma	a_m	782	assembly of people
janārdana	janArdana	a_m	782	Viṣṇu or Kṛṣṇa
vāja	vAja	a_m	779	strength
vṛddhi	vfdDi	i_f	777	growth
ṛta	fta	a_n	776	oath
prabhāva	praBAva	a_m	776	might
pāpman	pApman	an_m_a	770	evil
pārada	pArada	a_m	769	[alchemy] quicksilver
vaiśya	vESya	a_m	768	peasant
mahī	mahI	I_f	767	earth
siṃha	siMha	a_m	764	lion
nārāyaṇa	nArAyaRa	a_m	761	son of the original Man
karaṇa	karaRa	a_n	761	act of making
śastra	Sastra	a_n	759	instrument for cutting or wounding
svabhāva	svaBAva	a_m	759	native place
pārśva	pArSva	a_m	758	region of the ribs
pratiṣṭhā	pratizWA	A_f	758	standing still
sāgara	sAgara	a_m	755	ocean
grāma	grAma	a_m	754	inhabited place
mṛga	mfga	a_m	754	forest animal or wild beast
bhiṣaj	Bizaj	cons_m:Bizak	753	healer
śūla	SUla	a_n	752	sharp iron pin or stake
pāna	pAna	a_n	751	drinking
bharata	Barata	a_m	749	priest
nandana	nandana	a_m	749	son
adhipati	aDipati	i_m	749	king
gātra	gAtra	a_n	747	limb or member of the body
āśraya	ASraya	a_m	746	recipient
vasiṣṭha	vasizWa	a_m	743	vasiṣṭha
nagara	nagara	a_n	742	town
nṛpati	nfpati	i_m	742	king
kṣetra	kzetra	a_n	739	landed property
piṇḍa	piRqa	a_m	736	any round or roundish mass or heap
raśmi	raSmi	i_m	725	string
pāka	pAka	a_m	724	cooking
āyatana	Ayatana	a_n	724	resting-place
śrotra	Srotra	a_n	724	organ of hearing
ambhas	amBas	as_n	724	water
nidhana	niDana	a_n	723	settling down
udaya	udaya	a_m	720	going up
vikāra	vikAra	a_m	720	change of form or nature
saṃgha	saMGa	a_m	718	any collection or assemblage
vānara	vAnara	a_m	718	monkey
vaktra	vaktra	a_n	718	mouth
saṃyoga	saMyoga	a_m	718	conjunction
bāla	bAla	a_m	718	child
daitya	dEtya	a_m	714	son of Diti
vistara	vistara	a_m	713	spreading
netra	netra	a_n	712	leading
āhāra	AhAra	a_m	711	taking
homa	homa	a_m	711	oblation with fire
śaraṇa	SaraRa	a_n	706	shelter
dhvaja	Dvaja	a_m	705	banner
vṛṣṭi	vfzwi	i_f	703	rain
puṃgava	puMgava	a_m	700	bull
vyāsa	vyAsa	a_m	700	severing
śīla	SIla	a_m	699	habit
grahaṇa	grahaRa	a_n	697	hand
śoka	Soka	a_m	697	flame
mānasa	mAnasa	a_m	693	mental powers
vanaspati	vanaspati	i_m	692	forest tree
vayas	vayas	as_n	691	enjoyment
gaja	gaja	a_m	691	elephant
vaṃśa	vaMSa	a_m	689	bamboo cane or any cane
ānanda	Ananda	a_m	689	happiness
mada	mada	a_m	688	hilarity
pūṣan	pUzan	an_m	688	sun
akṣa	akza	a_m	687	eye
nābhi	nABi	i_f	687	navel
kaunteya	kOnteya	a_m	687	metron. from Kuntī
subhūti	suBUti	i_m	687	kind of bird
bhuvana	Buvana	a_n	686	being
nakṣatra	nakzatra	a_n	685	star or any heavenly body
jaya	jaya	a_m	681	conquest
bhuja	Buja	a_m	681	arm
divasa	divasa	a_m	681	heaven
adharma	aDarma	a_m	679	unrighteousness
ānana	Anana	a_m	678	mouth
saṃdhi	saMDi	i_m	677	junction
mokṣa	mokza	a_m	676	emancipation
mātrā	mAtrA	A_f	674	measure
yantra	yantra	a_n	674	prop
agnihotra	agnihotra	a_n	674	oblation to Agni
parākrama	parAkrama	a_m	674	bold advance
āyudha	AyuDa	a_n	671	weapon
mala	mala	a_m	671	dirt
gṛhapati	gfhapati	i_m	670	master of a house
sutā	sutA	A_f	670	daughter
purī	purI	I_f	667	fortress
pūjā	pUjA	A_f	667	honour
antika	antika	a_n	664	vicinity
apāna	apAna	a_m	663	anus
martya	martya	a_m	661	mortal
gadā	gadA	A_f	661	series of sentences
pāvaka	pAvaka	a_m	660	fire
gautama	gOtama	a_m	660	Gautama's family
gārhapatya	gArhapatya	a_m	660	householder's fire
parāyaṇa	parAyaRa	a_m	658	final end or aim
kavi	kavi	i_m	657	thinker
dṛṣṭi	dfzwi	i_f	656	seeing
bhoga	Boga	a_m	655	enjoyment
sāra	sAra	a_m	652	core
sarpa	sarpa	a_m	651	snake
vṛṣan	vfzan	an_m	650	man
mārkaṇḍeya	mArkaRqeya	a_m	647	patr. of an ancient sage
indu	indu	u_m	647	periodic changes of the moon
saṃkāśa	saMkASa	a_m	646	look
vijñāna	vijYAna	a_n	646	act of distinguishing or discerning
bāndhava	bAnDava	a_m	646	kinsman
maṇi	maRi	i_m	644	jewel
prayoga	prayoga	a_m	643	joining together
bandha	banDa	a_m	641	binding
savana	savana	a_n	641	act of pressing out the Soma-juice
prabhṛti	praBfti	i_m	638	bringing forward
rāga	rAga	a_m	636	act of colouring or dyeing
vājin	vAjin	in_m	635	warrior
annādya	annAdya	a_n	633	food in general
snāna	snAna	a_n	632	bathing
